enabled,slug,category,title,author,reference,url
1,aleksandriyskiy_kirill_tolkovanie_na_evangelie_ot_ioanna_tom_i,commentaries,Толкование на Евангелие от Иоанна. Том I,Александрийский Кирилл,Православная литература (RoyalLib),https://royallib.com/get/txt/aleksandriyskiy_kirill/tolkovanie_na_evangelie_ot_ioanna_tom_i.zip
1,aleksandriyskiy_kirill_tolkovanie_na_evangelie_ot_ioanna_tom_ii,commentaries,Толкование на Евангелие от Иоанна. Том II,Александрийский Кирилл,Православная литература (RoyalLib),https://royallib.com/get/txt/aleksandriyskiy_kirill/tolkovanie_na_evangelie_ot_ioanna_tom_ii.zip
1,bolgarskiy_feofilakt_tolkovanie_na_deyaniya_svyatih_apostolov_i_na_sobornie_poslaniya_svyatih_apostolov_iakova_petra_ioanna_iudi,commentaries,"Толкование на Деяния святых апостолов и на Соборные послания святых апостолов Иакова, Петра, Иоанна, Иуды",Болгарский Феофилакт,Православная литература (RoyalLib),https://royallib.com/get/txt/bolgarskiy_feofilakt/tolkovanie_na_deyaniya_svyatih_apostolov_i_na_sobornie_poslaniya_svyatih_apostolov_iakova_petra_ioanna_iudi.zip
1,bolgarskiy_feofilakt_tolkovanie_na_poslaniya_svyatogo_apostola_pavla_chast_1,commentaries,Толкование на Послания святого апостола Павла. Часть 1,Болгарский Феофилакт,Православная литература (RoyalLib),https://royallib.com/get/txt/bolgarskiy_feofilakt/tolkovanie_na_poslaniya_svyatogo_apostola_pavla_chast_1.zip
1,bolgarskiy_feofilakt_tolkovanie_na_poslaniya_svyatogo_apostola_pavla_chast_2,commentaries,Толкование на Послания святого апостола Павла. Часть 2,Болгарский Феофилакт,Православная литература (RoyalLib),https://royallib.com/get/txt/bolgarskiy_feofilakt/tolkovanie_na_poslaniya_svyatogo_apostola_pavla_chast_2.zip
1,bolgarskiy_feofilakt_tolkovanie_na_knigi_novogo_zaveta,commentaries,Толкование на книги Нового Завета,Болгарский Феофилакт,Православная литература (RoyalLib),https://royallib.com/get/txt/bolgarskiy_feofilakt/tolkovanie_na_knigi_novogo_zaveta.zip
1,bolgarskiy_feofilakt_tolkovaniya_na_evangeliya_ot_luki_i_ot_ioanna,commentaries,Толкования на Евангелия от Луки и от Иоанна,Болгарский Феофилакт,Православная литература (RoyalLib),https://royallib.com/get/txt/bolgarskiy_feofilakt/tolkovaniya_na_evangeliya_ot_luki_i_ot_ioanna.zip
1,bolgarskiy_feofilakt_tolkovaniya_na_evangeliya_ot_matfeya_i_ot_marka,commentaries,Толкования на Евангелия от Матфея и от Марка,Болгарский Феофилакт,Православная литература (RoyalLib),https://royallib.com/get/txt/bolgarskiy_feofilakt/tolkovaniya_na_evangeliya_ot_matfeya_i_ot_marka.zip
1,zatvornik_feofan_tolkovanie_na_knigu_sv_erma,commentaries,Толкование на книгу св. Ерма,Затворник Феофан,Православная литература (RoyalLib),https://royallib.com/get/txt/zatvornik_feofan/tolkovanie_na_knigu_sv_erma.zip
1,zlatoust_ioann_obyasnenie_bogestvennoy_liturgii_po_chinu_ioanna_zlatoustago,commentaries,ОБЪЯСНЕНИЕ БОЖЕСТВЕННОЙ ЛИТУРГИИ по чину Иоанна Златоустаго,Златоуст Иоанн,Православная литература (RoyalLib),https://royallib.com/get/txt/zlatoust_ioann/obyasnenie_bogestvennoy_liturgii_po_chinu_ioanna_zlatoustago.zip
1,zlatoust_ioann_tvoreniya_tom_7_kniga_2_tolkovanie_na_svyatogo_matfeya_evangelista,commentaries,"Творения, том 7, книга 2. Толкование на святого Матфея евангелиста.",Златоуст Иоанн,Православная литература (RoyalLib),https://royallib.com/get/txt/zlatoust_ioann/tvoreniya_tom_7_kniga_2_tolkovanie_na_svyatogo_matfeya_evangelista.zip
1,zlatoust_ioann_tvoreniya_tom_8_kniga_1_tolkovanie_na_evangelie_ot_ioanna,commentaries,"Творения, том 8, книга 1. Толкование на Евангелие от Иоанна.",Златоуст Иоанн,Православная литература (RoyalLib),https://royallib.com/get/txt/zlatoust_ioann/tvoreniya_tom_8_kniga_1_tolkovanie_na_evangelie_ot_ioanna.zip
1,zlatoust_ioann_tolkovanie_na_evangelie_ot_ioanna,commentaries,Толкование на Евангелие от Иоанна,Златоуст Иоанн,Православная литература (RoyalLib),https://royallib.com/get/txt/zlatoust_ioann/tolkovanie_na_evangelie_ot_ioanna.zip
1,zlatoust_ioann_tolkovanie_na_evangelie_ot_matfeya_v_dvuh_knigah_kniga_I,commentaries,Толкование на Евангелие от Матфея. В двух книгах. Книга I,Златоуст Иоанн,Православная литература (RoyalLib),https://royallib.com/get/txt/zlatoust_ioann/tolkovanie_na_evangelie_ot_matfeya_v_dvuh_knigah_kniga_I.zip
1,zlatoust_ioann_tolkovanie_na_evangelie_ot_matfeya_v_dvuh_knigah_kniga_II,commentaries,Толкование на Евангелие от Матфея. В двух книгах. Книга II,Златоуст Иоанн,Православная литература (RoyalLib),https://royallib.com/get/txt/zlatoust_ioann/tolkovanie_na_evangelie_ot_matfeya_v_dvuh_knigah_kniga_II.zip
1,zlatoust_sv_ioann_tolkovanie_na_svyatogo_matfeya_evangelista,commentaries,Толкование на святого Матфея Евангелиста,Златоуст Св. Иоанн,Православная литература (RoyalLib),https://royallib.com/get/txt/zlatoust_sv_ioann/tolkovanie_na_svyatogo_matfeya_evangelista.zip
1,kineshemskiy_svyashchennomuchenik_vasiliy_besedi_na_evangelie_ot_marka,commentaries,Беседы на Евангелие от Марка,Кинешемский Священномученик Василий,Православная литература (RoyalLib),https://royallib.com/get/txt/kineshemskiy_svyashchennomuchenik_vasiliy/besedi_na_evangelie_ot_marka.zip
1,svyatogorets_nikodim_tolkovanie_kanona_na_vozdvigenie,commentaries,Толкование канона на Воздвижение,Святогорец Никодим,Православная литература (RoyalLib),https://royallib.com/get/txt/svyatogorets_nikodim/tolkovanie_kanona_na_vozdvigenie.zip
1,serbskiy_velimirovich_svyatitel_nikolay_otche_nash_tolkovanie_molitvi_gospodney,commentaries,Отче наш. Толкование молитвы Господней,Сербский (Велимирович) Святитель Николай,Православная литература (RoyalLib),https://royallib.com/get/txt/serbskiy_velimirovich_svyatitel_nikolay/otche_nash_tolkovanie_molitvi_gospodney.zip
1,serbskiy_svyatitel_nikolay_obyasnenie_desyati_zapovedey_dannih_moiseyu,commentaries,"Объяснение десяти заповедей, данных Моисею",Сербский святитель Николай,Православная литература (RoyalLib),https://royallib.com/get/txt/serbskiy_svyatitel_nikolay/obyasnenie_desyati_zapovedey_dannih_moiseyu.zip
1,sirin_efrem_tolkovanie_na_chetveroevangelie,commentaries,Толкование на Четвероевангелие,Сирин Ефрем,Православная литература (RoyalLib),https://royallib.com/get/txt/sirin_efrem/tolkovanie_na_chetveroevangelie.zip
1,sirin_prepodobniy_efrem_sobranie_tvoreniy_tolkovanie_na_chetveroevangelie,commentaries,Собрание творений. Толкование на Четвероевангелие,Сирин Преподобный Ефрем,Православная литература (RoyalLib),https://royallib.com/get/txt/sirin_prepodobniy_efrem/sobranie_tvoreniy_tolkovanie_na_chetveroevangelie.zip
1,sirin_prepodobniy_efrem_tolkovanie_na_chetveroevangelie_prepodobnogo_efrema_sirina,commentaries,Толкование на Четвероевангелие преподобного Ефрема Сирина,Сирин Преподобный Ефрем,Православная литература (RoyalLib),https://royallib.com/get/txt/sirin_prepodobniy_efrem/tolkovanie_na_chetveroevangelie_prepodobnogo_efrema_sirina.zip
1,uminskiy_protoierey_bogestvennaya_liturgiya_obyasnenie_smisla_znacheniya_soderganiya,commentaries,"Божественная Литургия: Объяснение смысла, значения, содержания",Уминский Протоиерей,Православная литература (RoyalLib),https://royallib.com/get/txt/uminskiy_protoierey/bogestvennaya_liturgiya_obyasnenie_smisla_znacheniya_soderganiya.zip
1,feofilakt_blg_tolkovanie_na_evangelie_ot_luki,commentaries,Толкование на евангелие от луки,Феофилакт Блж.,Православная литература (RoyalLib),https://royallib.com/get/txt/feofilakt_blg/tolkovanie_na_evangelie_ot_luki.zip
1,feofilakt_blg_tolkovanie_na_evangelie_ot_marka,commentaries,Толкование на евангелие от марка,Феофилакт Блж.,Православная литература (RoyalLib),https://royallib.com/get/txt/feofilakt_blg/tolkovanie_na_evangelie_ot_marka.zip
1,feofilakt_blg_tolkovanie_na_evangelie_ot_matfeya,commentaries,Толкование на евангелие от матфея,Феофилакт Блж.,Православная литература (RoyalLib),https://royallib.com/get/txt/feofilakt_blg/tolkovanie_na_evangelie_ot_matfeya.zip
1,feofilakt_blg_arhiepiskop_bolgarskiy_tolkovanie_blagennogo_feofilakta_arhiepiskopa_bolgarskogo_na_knigi_novogo_zaveta,commentaries,ТОЛКОВАНИЕ БЛАЖЕННОГО ФЕОФИЛАКТА АРХИЕПИСКОПА БОЛГАРСКОГО на КНИГИ НОВОГО ЗАВЕТА,"Феофилакт блж., Архиепископ Болгарский",Православная литература (RoyalLib),https://royallib.com/get/txt/feofilakt_blg_arhiepiskop_bolgarskiy/tolkovanie_blagennogo_feofilakta_arhiepiskopa_bolgarskogo_na_knigi_novogo_zaveta.zip
1,svt_feofan_zatornik_pervoe_poslanie_k_korinfyanam_svyatogo_apostola_pavla_istolkovannoe_svyatitelem_feofanom_nachalo,commentaries,ПЕРВОЕ ПОСЛАНИЕ К КОРИНФЯНАМ СВЯТОГО АПОСТОЛА ПАВЛА (истолкованное святителем Феофаном) (начало),свт. Феофан Заторник,Православная литература (RoyalLib),https://royallib.com/get/txt/svt_feofan_zatornik/pervoe_poslanie_k_korinfyanam_svyatogo_apostola_pavla_istolkovannoe_svyatitelem_feofanom_nachalo.zip
1,avgustin_arhimandrit_v_hristianskom_kantone_ustali_shchuritsya_v_gostyah_u_lu_sinya_i_mey_lanfana,sermons,В христианском Кантоне; «Устали щуриться…»; В гостях у Лу Синя и Мэй Ланьфана,Августин Архимандрит,Православная литература (RoyalLib),https://royallib.com/get/txt/avgustin_arhimandrit/v_hristianskom_kantone_ustali_shchuritsya_v_gostyah_u_lu_sinya_i_mey_lanfana.zip
1,agrikov_arhimandrit_tihon_s_evangeliem,sermons,С Евангелием,Агриков Архимандрит ТИХОН,Православная литература (RoyalLib),https://royallib.com/get/txt/agrikov_arhimandrit_tihon/s_evangeliem.zip
1,agrikov_dotsarhimandrit_tihon_pastirskoe_bogoslovie_t1,sermons,"Пастырское богословие, т.1",Агриков доц.архимандрит Тихон,Православная литература (RoyalLib),https://royallib.com/get/txt/agrikov_dotsarhimandrit_tihon/pastirskoe_bogoslovie_t1.zip
1,agrikov_dotsarhimandrit_tihon_pastirskoe_bogoslovie_t2,sermons,"Пастырское богословие, т.2",Агриков доц.архимандрит Тихон,Православная литература (RoyalLib),https://royallib.com/get/txt/agrikov_dotsarhimandrit_tihon/pastirskoe_bogoslovie_t2.zip
1,agrikov_dotsarhimandrit_tihon_pastirskoe_bogoslovie_t3,sermons,"Пастырское богословие, т.3",Агриков доц.архимандрит Тихон,Православная литература (RoyalLib),https://royallib.com/get/txt/agrikov_dotsarhimandrit_tihon/pastirskoe_bogoslovie_t3.zip
1,arhimandrit_krestyankin_ioann_angel_molitvi,sermons,Ангел молитвы,Архимандрит (Крестьянкин) Иоанн,Православная литература (RoyalLib),https://royallib.com/get/txt/arhimandrit_krestyankin_ioann/angel_molitvi.zip
1,arhimandrit_krestyankin_ioann_propovedi,sermons,Проповеди,Архимандрит (Крестьянкин) Иоанн,Православная литература (RoyalLib),https://royallib.com/get/txt/arhimandrit_krestyankin_ioann/propovedi.zip
1,arhimandrit_andrey_konanos_duhovnaya_amneziya_besedi_o_tom_kak_ne_zabit_o_boge,sermons,"Духовная амнезия: беседы о том, как не забыть о Боге",Архимандрит Андрей (Конанос),Православная литература (RoyalLib),https://royallib.com/get/txt/arhimandrit_andrey_konanos/duhovnaya_amneziya_besedi_o_tom_kak_ne_zabit_o_boge.zip
1,arhimandrit_lazar_greh_i_pokayanie_poslednih_vremen,sermons,Грех и покаяние последних времен,Архимандрит Лазарь,Православная литература (RoyalLib),https://royallib.com/get/txt/arhimandrit_lazar/greh_i_pokayanie_poslednih_vremen.zip
1,bogoslov_grigoriy_svyatitel_grigoriy_bogoslov_kniga_2_stihotvoreniya_pisma_zaveshchanie,sermons,Святитель Григорий Богослов. Книга 2. Стихотворения. Письма. Завещание,Богослов Григорий,Православная литература (RoyalLib),https://royallib.com/get/txt/bogoslov_grigoriy/svyatitel_grigoriy_bogoslov_kniga_2_stihotvoreniya_pisma_zaveshchanie.zip
1,bogoslov_grigoriy_slovo_20_o_postavlenii_episkopov_i_o_dogmate_svyatoy_troitsi,sermons,Слово 20. О поставлении епископов и о догмате Святой Троицы,Богослов Григорий,Православная литература (RoyalLib),https://royallib.com/get/txt/bogoslov_grigoriy/slovo_20_o_postavlenii_episkopov_i_o_dogmate_svyatoy_troitsi.zip
1,bogoslov_grigoriy_slovo_27_protiv_evnomian_i_o_bogoslovii_pervoe_ili_predvaritelnoe,sermons,"Слово 27. Против евномиан и о богословии первое, или предварительное",Богослов Григорий,Православная литература (RoyalLib),https://royallib.com/get/txt/bogoslov_grigoriy/slovo_27_protiv_evnomian_i_o_bogoslovii_pervoe_ili_predvaritelnoe.zip
1,bogoslov_grigoriy_slovo_28_o_bogoslovii_vtoroe,sermons,Слово 28. О богословии второе,Богослов Григорий,Православная литература (RoyalLib),https://royallib.com/get/txt/bogoslov_grigoriy/slovo_28_o_bogoslovii_vtoroe.zip
1,bogoslov_grigoriy_slovo_29_o_bogoslovii_trete_o_boge_sine_pervoe,sermons,"Слово 29. О богословии третье, о Боге Сыне первое",Богослов Григорий,Православная литература (RoyalLib),https://royallib.com/get/txt/bogoslov_grigoriy/slovo_29_o_bogoslovii_trete_o_boge_sine_pervoe.zip
1,bogoslov_grigoriy_slovo_30_o_bogoslovii_chetvertoe_o_boge_sine_vtoroe,sermons,"Слово 30. О богословии четвертое, о Боге Сыне второе",Богослов Григорий,Православная литература (RoyalLib),https://royallib.com/get/txt/bogoslov_grigoriy/slovo_30_o_bogoslovii_chetvertoe_o_boge_sine_vtoroe.zip
1,bogoslov_grigoriy_slovo_31_o_bogoslovii_pyatoe_o_svyatom_duhe,sermons,"Слово 31. О богословии пятое, о Святом Духе",Богослов Григорий,Православная литература (RoyalLib),https://royallib.com/get/txt/bogoslov_grigoriy/slovo_31_o_bogoslovii_pyatoe_o_svyatom_duhe.zip
1,bogoslov_grigoriy_sobranie_sochineniy_svyatitelya_grigoriya_bogoslova,sermons,Собрание сочинений святителя Григория Богослова,Богослов Григорий,Православная литература (RoyalLib),https://royallib.com/get/txt/bogoslov_grigoriy/sobranie_sochineniy_svyatitelya_grigoriya_bogoslova.zip
1,bogoslovskiy_a_100_duhovnih_istin,sermons,100 духовных истин,Богословский А.,Православная литература (RoyalLib),https://royallib.com/get/txt/bogoslovskiy_a/100_duhovnih_istin.zip
1,bogoslovskiy_a_matrona_moskovskaya_svyatoy_dar_istseleniya_i_pomoshchi,sermons,Матрона Московская: Святой дар исцеления и помощи,Богословский А.,Православная литература (RoyalLib),https://royallib.com/get/txt/bogoslovskiy_a/matrona_moskovskaya_svyatoy_dar_istseleniya_i_pomoshchi.zip
1,bogoslovskiy_a_spasenie,sermons,Спасение,Богословский А.,Православная литература (RoyalLib),https://royallib.com/get/txt/bogoslovskiy_a/spasenie.zip
1,bogoslovskiy_mihail_vvedenie_podushnoy_podati_i_krepostnoe_pravo,sermons,Введение подушной подати и крепостное право,Богословский Михаил,Православная литература (RoyalLib),https://royallib.com/get/txt/bogoslovskiy_mihail/vvedenie_podushnoy_podati_i_krepostnoe_pravo.zip
1,boris_dolgenko_igumen_v_nachale_duhovnogo_puti_razgovor_s_sovremennikom,sermons,В начале духовного пути. Разговор с современником,Борис (Долженко) Игумен,Православная литература (RoyalLib),https://royallib.com/get/txt/boris_dolgenko_igumen/v_nachale_duhovnogo_puti_razgovor_s_sovremennikom.zip
1,borodin_protoierey_fyodor_vozrastay_s_evangeliem_kak_vospitat_rebyonka_v_evangelskom_duhe_pritchi_hristovi,sermons,Возрастай с Евангелием. Как воспитать ребёнка в евангельском духе. Притчи Христовы,Бородин Протоиерей Фёдор,Православная литература (RoyalLib),https://royallib.com/get/txt/borodin_protoierey_fyodor/vozrastay_s_evangeliem_kak_vospitat_rebyonka_v_evangelskom_duhe_pritchi_hristovi.zip
1,bryanchaninov_ignatiy_prakticheskaya_entsiklopediya_osnovi_pravilnoy_duhovnoy_gizni,sermons,Практическая энциклопедия «Основы правильной духовной жизни»,Брянчанинов Игнатий,Православная литература (RoyalLib),https://royallib.com/get/txt/bryanchaninov_ignatiy/prakticheskaya_entsiklopediya_osnovi_pravilnoy_duhovnoy_gizni.zip
1,bryanchaninov_ignatiy_slovo_o_smerti_slovo_o_cheloveke,sermons,Слово о смерти. Слово о человеке,Брянчанинов Игнатий,Православная литература (RoyalLib),https://royallib.com/get/txt/bryanchaninov_ignatiy/slovo_o_smerti_slovo_o_cheloveke.zip
1,bryanchaninov_svyatitel_ignatiy_asketicheskie_opiti_tom_1,sermons,Аскетические опыты. Том 1,Брянчанинов Святитель Игнатий,Православная литература (RoyalLib),https://royallib.com/get/txt/bryanchaninov_svyatitel_ignatiy/asketicheskie_opiti_tom_1.zip
1,bryanchaninov_svyatitel_ignatiy_asketicheskie_opiti_tom_2,sermons,Аскетические опыты. Том 2,Брянчанинов Святитель Игнатий,Православная литература (RoyalLib),https://royallib.com/get/txt/bryanchaninov_svyatitel_ignatiy/asketicheskie_opiti_tom_2.zip
1,bryanchaninov_svyatitel_ignatiy_v_pomoshch_kayushchimsya_iz_sochineniy_svyatitelya_ignatiya_bryanchaninova,sermons,В помощь кающимся: из сочинений святителя Игнатия (Брянчанинова),Брянчанинов Святитель Игнатий,Православная литература (RoyalLib),https://royallib.com/get/txt/bryanchaninov_svyatitel_ignatiy/v_pomoshch_kayushchimsya_iz_sochineniy_svyatitelya_ignatiya_bryanchaninova.zip
1,bryanchaninov_svyatitel_ignatiy_izlogenie_ucheniya_pravoslavnoy_tserkvi_o_bogiey_materi,sermons,Изложение Учения Православной Церкви О Божией Матери,Брянчанинов Святитель Игнатий,Православная литература (RoyalLib),https://royallib.com/get/txt/bryanchaninov_svyatitel_ignatiy/izlogenie_ucheniya_pravoslavnoy_tserkvi_o_bogiey_materi.zip
1,bryanchaninov_svyatitel_ignatiy_o_molitve_otechnik_5,sermons,О молитве. Отечник № 5.,Брянчанинов Святитель Игнатий,Православная литература (RoyalLib),https://royallib.com/get/txt/bryanchaninov_svyatitel_ignatiy/o_molitve_otechnik_5.zip
1,bryanchaninov_svyatitel_ignatiy_slovo_o_smerti,sermons,Слово о смерти,Брянчанинов Святитель Игнатий,Православная литература (RoyalLib),https://royallib.com/get/txt/bryanchaninov_svyatitel_ignatiy/slovo_o_smerti.zip
1,bryanchaninov_svyatitel_ignatiy_slovo_o_smerti_slovo_o_cheloveke,sermons,Слово о смерти. Слово о человеке,Брянчанинов Святитель Игнатий,Православная литература (RoyalLib),https://royallib.com/get/txt/bryanchaninov_svyatitel_ignatiy/slovo_o_smerti_slovo_o_cheloveke.zip
1,bryanchaninov_svyatitel_ignatiy_slovo_o_cheloveke,sermons,Слово о человеке,Брянчанинов Святитель Игнатий,Православная литература (RoyalLib),https://royallib.com/get/txt/bryanchaninov_svyatitel_ignatiy/slovo_o_cheloveke.zip
1,bryanchaninov_svyatitel_ignatiy_slovo_o_cheloveke_o_chudesah_i_znameniyah,sermons,Слово о человеке. О чудесах и знамениях,Брянчанинов Святитель Игнатий,Православная литература (RoyalLib),https://royallib.com/get/txt/bryanchaninov_svyatitel_ignatiy/slovo_o_cheloveke_o_chudesah_i_znameniyah.zip
1,bryanchaninov_svyatitel_ignatiy_tom_1_asketicheskie_opiti_chast_I,sermons,Том 1. Аскетические опыты. Часть I,Брянчанинов Святитель Игнатий,Православная литература (RoyalLib),https://royallib.com/get/txt/bryanchaninov_svyatitel_ignatiy/tom_1_asketicheskie_opiti_chast_I.zip
1,bryanchaninov_svyatitel_ignatiy_tom_2_asketicheskie_opiti_chastII,sermons,Том 2. Аскетические опыты. Часть II,Брянчанинов Святитель Игнатий,Православная литература (RoyalLib),https://royallib.com/get/txt/bryanchaninov_svyatitel_ignatiy/tom_2_asketicheskie_opiti_chastII.zip
1,bryanchaninov_svyatitel_ignatiy_tom_3_slovo_o_smerti,sermons,Том 3. Слово о смерти,Брянчанинов Святитель Игнатий,Православная литература (RoyalLib),https://royallib.com/get/txt/bryanchaninov_svyatitel_ignatiy/tom_3_slovo_o_smerti.zip
1,bryanchaninov_svyatitel_ignatiy_tom3_slovo_o_smerti,sermons,Том 3. Слово о смерти,Брянчанинов Святитель Игнатий,Православная литература (RoyalLib),https://royallib.com/get/txt/bryanchaninov_svyatitel_ignatiy/tom3_slovo_o_smerti.zip
1,bryanchaninov_svyatitel_ignatiy_tom_4_asketicheskaya_propoved,sermons,Том 4. Аскетическая проповедь,Брянчанинов Святитель Игнатий,Православная литература (RoyalLib),https://royallib.com/get/txt/bryanchaninov_svyatitel_ignatiy/tom_4_asketicheskaya_propoved.zip
1,bryanchaninov_svtignatiy_slovo_o_smerti,sermons,Слово о смерти,Брянчанинов свт.Игнатий,Православная литература (RoyalLib),https://royallib.com/get/txt/bryanchaninov_svtignatiy/slovo_o_smerti.zip
1,vasilopulos_arhimandrit_harlampiy_pochemu_ti_ne_v_tserkvi,sermons,Почему ты не в Церкви?,Василопулос Архимандрит Харлампий,Православная литература (RoyalLib),https://royallib.com/get/txt/vasilopulos_arhimandrit_harlampiy/pochemu_ti_ne_v_tserkvi.zip
1,vorobev_protoierey_vladimir_pokayanie_ispoved_duhovnoe_rukovodstvo,sermons,"Покаяние, Исповедь, Духовное руководство",Воробьев Протоиерей Владимир,Православная литература (RoyalLib),https://royallib.com/get/txt/vorobev_protoierey_vladimir/pokayanie_ispoved_duhovnoe_rukovodstvo.zip
1,gaponov_protoierey_sobesedovaniya_ottsa_duhovnogo_so_svoimi_prihoganami_o_molitve,sermons,Собеседования отца духовного со своими прихожанами о молитве,Гапонов протоиерей,Православная литература (RoyalLib),https://royallib.com/get/txt/gaponov_protoierey/sobesedovaniya_ottsa_duhovnogo_so_svoimi_prihoganami_o_molitve.zip
1,govorov_zatvornik_svt_feofan_bolezn_i_smert_po_trudam_svyatitelya_feofana_zatvornika,sermons,Болезнь и смерть. (По трудам святителя Феофана Затворника),Говоров (Затворник) Свт. Феофан,Православная литература (RoyalLib),https://royallib.com/get/txt/govorov_zatvornik_svt_feofan/bolezn_i_smert_po_trudam_svyatitelya_feofana_zatvornika.zip
1,govorov_svt_feofan_zatvornik_bolezn_i_smert_po_trudam_svyatitelya_feofana_zatvornika,sermons,Болезнь и смерть. (По трудам святителя Феофана Затворника),Говоров Свт. Феофан (Затворник),Православная литература (RoyalLib),https://royallib.com/get/txt/govorov_svt_feofan_zatvornik/bolezn_i_smert_po_trudam_svyatitelya_feofana_zatvornika.zip
1,grigorev_protoierey_dmitriy_ot_drevnego_valaama_do_novogo_sveta_russkaya_pravoslavnaya_missiya_v_severnoy_amerike,sermons,От древнего Валаама до Нового Света. Русская Православная Миссия в Северной Америке,Григорьев Протоиерей Дмитрий,Православная литература (RoyalLib),https://royallib.com/get/txt/grigorev_protoierey_dmitriy/ot_drevnego_valaama_do_novogo_sveta_russkaya_pravoslavnaya_missiya_v_severnoy_amerike.zip
1,damaskin_ioann_beseda_saratsina_s_hristianinom,sermons,Беседа сарацина с христианином,Дамаскин Иоанн,Православная литература (RoyalLib),https://royallib.com/get/txt/damaskin_ioann/beseda_saratsina_s_hristianinom.zip
1,damaskin_ioann_tochnoe_izlogenie_pravoslavnoy_veri,sermons,Точное изложение православной веры,Дамаскин Иоанн,Православная литература (RoyalLib),https://royallib.com/get/txt/damaskin_ioann/tochnoe_izlogenie_pravoslavnoy_veri.zip
1,dimitriy_protoierey_propovedi_1,sermons,Проповеди 1,Димитрий Протоиерей,Православная литература (RoyalLib),https://royallib.com/get/txt/dimitriy_protoierey/propovedi_1.zip
1,dimitriy_protoierey_propovedi_2,sermons,Проповеди 2,Димитрий Протоиерей,Православная литература (RoyalLib),https://royallib.com/get/txt/dimitriy_protoierey/propovedi_2.zip
1,dimitriy_protoierey_propovedi_3,sermons,Проповеди 3,Димитрий Протоиерей,Православная литература (RoyalLib),https://royallib.com/get/txt/dimitriy_protoierey/propovedi_3.zip
1,dmitrovskiy_svyashchennomuchenik_hleb_nebesniy_propovedi_o_bogestvennoy_liturgii,sermons,Хлеб Небесный. Проповеди о Божественной литургии,Дмитровский Священномученик,Православная литература (RoyalLib),https://royallib.com/get/txt/dmitrovskiy_svyashchennomuchenik/hleb_nebesniy_propovedi_o_bogestvennoy_liturgii.zip
1,dyachenko_protoierey_grigoriy_ne_stidis_ispovedovat_grehi_svoi,sermons,Не стыдись исповедовать грехи свои,Дьяченко Протоиерей Григорий,Православная литература (RoyalLib),https://royallib.com/get/txt/dyachenko_protoierey_grigoriy/ne_stidis_ispovedovat_grehi_svoi.zip
1,dyachenko_protoierey_grigoriy_polniy_godichniy_krug_kratkih_poucheniy_tom_i_yanvar__mart,sermons,Полный годичный круг кратких поучений. Том I (январь – март),Дьяченко Протоиерей Григорий,Православная литература (RoyalLib),https://royallib.com/get/txt/dyachenko_protoierey_grigoriy/polniy_godichniy_krug_kratkih_poucheniy_tom_i_yanvar__mart.zip
1,efrem_sirin_svyatoy_prepodobniy_svyatoy_prepodobniy_efrem_sirin_tvoreniya_tom_3,sermons,Святой преподобный Ефрем Сирин. Творения. Том 3,Ефрем Сирин Святой преподобный,Православная литература (RoyalLib),https://royallib.com/get/txt/efrem_sirin_svyatoy_prepodobniy/svyatoy_prepodobniy_efrem_sirin_tvoreniya_tom_3.zip
1,zaev_professor_kda_protoierey_vasiliy_konspekt_po_istorii_pomestnih_pravoslavnih_tserkvey,sermons,Конспект по истории Поместных Православных Церквей,Заев профессор КДА протоиерей Василий,Православная литература (RoyalLib),https://royallib.com/get/txt/zaev_professor_kda_protoierey_vasiliy/konspekt_po_istorii_pomestnih_pravoslavnih_tserkvey.zip
1,zatvornik_feofan_nachertanie_hristianskogo_nravoucheniya,sermons,Начертание христианского нравоучения,Затворник Феофан,Православная литература (RoyalLib),https://royallib.com/get/txt/zatvornik_feofan/nachertanie_hristianskogo_nravoucheniya.zip
1,zatvornik_feofan_put_ko_spaseniyu,sermons,ПУТЬ КО СПАСЕНИЮ,Затворник Феофан,Православная литература (RoyalLib),https://royallib.com/get/txt/zatvornik_feofan/put_ko_spaseniyu.zip
1,zatvornik_feofan_pisma_o_duhovnoy_gizni,sermons,Письма о духовной жизни,Затворник Феофан,Православная литература (RoyalLib),https://royallib.com/get/txt/zatvornik_feofan/pisma_o_duhovnoy_gizni.zip
1,zatvornik_feofan_chto_est_duhovnaya_gizn_i_kak_na_nee_nastroitsya,sermons,Что есть духовная жизнь и как на нее настроиться,Затворник Феофан,Православная литература (RoyalLib),https://royallib.com/get/txt/zatvornik_feofan/chto_est_duhovnaya_gizn_i_kak_na_nee_nastroitsya.zip
1,zlatoust_ioann_pochemu_nelzya_gelat_zla_drugim_besedi_svyatitelya_ioanna_zlatoustogo_o_borbe_so_strastyami,sermons,Почему нельзя желать зла другим. Беседы святителя Иоанна Златоустого о борьбе со страстями,Златоуст Иоанн,Православная литература (RoyalLib),https://royallib.com/get/txt/zlatoust_ioann/pochemu_nelzya_gelat_zla_drugim_besedi_svyatitelya_ioanna_zlatoustogo_o_borbe_so_strastyami.zip
1,ilarion_alfeev_mitropolit_vo_chto_veryat_pravoslavnie_hristiane,sermons,Во что верят православные христиане,Иларион (Алфеев) Митрополит,Православная литература (RoyalLib),https://royallib.com/get/txt/ilarion_alfeev_mitropolit/vo_chto_veryat_pravoslavnie_hristiane.zip
1,ilarion_mitropolit_slovo_o_zakone_i_blagodati,sermons,Слово о Законе и Благодати,Иларион Митрополит,Православная литература (RoyalLib),https://royallib.com/get/txt/ilarion_mitropolit/slovo_o_zakone_i_blagodati.zip
1,ioann_damaskin_tochnoe_izlogenie_pravoslavnoy_veri,sermons,Точное изложение православной веры,Иоанн Дамаскин,Православная литература (RoyalLib),https://royallib.com/get/txt/ioann_damaskin/tochnoe_izlogenie_pravoslavnoy_veri.zip
1,karfagenskiy_svyashchennomuchenik_kiprian_kniga_o_edinstve_tserkvi,sermons,Книга о единстве Церкви,Карфагенский священномученик Киприан,Православная литература (RoyalLib),https://royallib.com/get/txt/karfagenskiy_svyashchennomuchenik_kiprian/kniga_o_edinstve_tserkvi.zip
1,korniliy_titov_mitropolit_sto_propovedey_mitropolita_korniliya,sermons,Сто проповедей митрополита Корнилия,Корнилий (Титов) Митрополит,Православная литература (RoyalLib),https://royallib.com/get/txt/korniliy_titov_mitropolit/sto_propovedey_mitropolita_korniliya.zip
1,kronshtadtskiy_ioann_v_mire_molitvi,sermons,В мире молитвы,Кронштадтский Иоанн,Православная литература (RoyalLib),https://royallib.com/get/txt/kronshtadtskiy_ioann/v_mire_molitvi.zip
1,kronshtadtskiy_ioann_velikiy_post,sermons,Великий пост,Кронштадтский Иоанн,Православная литература (RoyalLib),https://royallib.com/get/txt/kronshtadtskiy_ioann/velikiy_post.zip
1,kronshtadtskiy_ioann_dnevnik_tom_i_18561858_kniga_2_duhovnie_opiti_nablyudeniya_soveti,sermons,Дневник. Том I. 1856-1858. Книга 2. Духовные опыты. Наблюдения. Советы,Кронштадтский Иоанн,Православная литература (RoyalLib),https://royallib.com/get/txt/kronshtadtskiy_ioann/dnevnik_tom_i_18561858_kniga_2_duhovnie_opiti_nablyudeniya_soveti.zip
1,kronshtadtskiy_ioann_dnevnik_tom_ii_18591860_bogopoznanie_i_samopoznanie_ili_vnutrenee_svyashchennonauchenie_ot_svyatogo_duha,sermons,"Дневник. Том II. 1859-1860. Богопознание и самопознание, или внутренее священнонаучение от Святого Духа",Кронштадтский Иоанн,Православная литература (RoyalLib),https://royallib.com/get/txt/kronshtadtskiy_ioann/dnevnik_tom_ii_18591860_bogopoznanie_i_samopoznanie_ili_vnutrenee_svyashchennonauchenie_ot_svyatogo_duha.zip
1,kronshtadtskiy_ioann_givoe_slovo_mudrosti_duhovnoy,sermons,Живое слово мудрости духовной,Кронштадтский Иоанн,Православная литература (RoyalLib),https://royallib.com/get/txt/kronshtadtskiy_ioann/givoe_slovo_mudrosti_duhovnoy.zip
1,kronshtadtskiy_ioann_zolotie_slova_o_znachenii_veri_pravoslavnoy,sermons,Золотые слова о значении веры православной,Кронштадтский Иоанн,Православная литература (RoyalLib),https://royallib.com/get/txt/kronshtadtskiy_ioann/zolotie_slova_o_znachenii_veri_pravoslavnoy.zip
1,kronshtadtskiy_ioann_moya_gizn_vo_hriste,sermons,Моя жизнь во Христе,Кронштадтский Иоанн,Православная литература (RoyalLib),https://royallib.com/get/txt/kronshtadtskiy_ioann/moya_gizn_vo_hriste.zip
1,kronshtadtskiy_ioann_moya_gizn_vo_hriste_tom_1,sermons,Моя жизнь во Христе. Том 1,Кронштадтский Иоанн,Православная литература (RoyalLib),https://royallib.com/get/txt/kronshtadtskiy_ioann/moya_gizn_vo_hriste_tom_1.zip
1,kronshtadtskiy_ioann_moya_gizn_vo_hriste_tom_2,sermons,Моя жизнь во Христе. Том 2,Кронштадтский Иоанн,Православная литература (RoyalLib),https://royallib.com/get/txt/kronshtadtskiy_ioann/moya_gizn_vo_hriste_tom_2.zip
1,kronshtadtskiy_ioann_mrya_gizn_vo_hriste_tom_1,sermons,Мря жизнь во Христе. Том 1,Кронштадтский Иоанн,Православная литература (RoyalLib),https://royallib.com/get/txt/kronshtadtskiy_ioann/mrya_gizn_vo_hriste_tom_1.zip
1,kronshtadtskiy_ioann_misli_hristianina_o_pokayanii_i_prichashchenii,sermons,Мысли христианина о покаянии и причащении,Кронштадтский Иоанн,Православная литература (RoyalLib),https://royallib.com/get/txt/kronshtadtskiy_ioann/misli_hristianina_o_pokayanii_i_prichashchenii.zip
1,kronshtadtskiy_ioann_prorocheskoe_videnie_svyatogo_pravednogo_oioanna_kronshtadtskogo_o_sudbah_rossii_i_mira,sermons,Пророческое видение святого праведного о.Иоанна Кронштадтского о судьбах России и мира,Кронштадтский Иоанн,Православная литература (RoyalLib),https://royallib.com/get/txt/kronshtadtskiy_ioann/prorocheskoe_videnie_svyatogo_pravednogo_oioanna_kronshtadtskogo_o_sudbah_rossii_i_mira.zip
1,kronshtadtskiy_ioann_hristianskiy_smisl_gizni,sermons,Христианский смысл жизни,Кронштадтский Иоанн,Православная литература (RoyalLib),https://royallib.com/get/txt/kronshtadtskiy_ioann/hristianskiy_smisl_gizni.zip
1,kronshtadtskiy_sv_v_mire_molitvi_viborki_iz_pisaniy,sermons,В мире молитвы. Выборки из писаний,Кронштадтский Св.,Православная литература (RoyalLib),https://royallib.com/get/txt/kronshtadtskiy_sv/v_mire_molitvi_viborki_iz_pisaniy.zip
1,kronshtadtskiy_svyatoy_pravedniy_ioann_moya_gizn_vo_hriste_ili_minuti_duhovnogo_trezveniya_i_sozertsaniya_blagogoveynogo_chuvstva_dushevnogo_ispravleniya_i_pokoya_v_boge,sermons,"Моя жизнь во Христе, или Минуты духовного трезвения и созерцания, благоговейного чувства, душевного исправления и покоя в Боге",Кронштадтский Святой праведный Иоанн,Православная литература (RoyalLib),https://royallib.com/get/txt/kronshtadtskiy_svyatoy_pravedniy_ioann/moya_gizn_vo_hriste_ili_minuti_duhovnogo_trezveniya_i_sozertsaniya_blagogoveynogo_chuvstva_dushevnogo_ispravleniya_i_pokoya_v_boge.zip
1,kronshtadtskiy_svyatoy_pravedniy_ioann_misli_hristianina_o_pokayanii_i_svyatom_prichashchenii,sermons,Мысли христианина о покаянии и Святом Причащении,Кронштадтский Святой праведный Иоанн,Православная литература (RoyalLib),https://royallib.com/get/txt/kronshtadtskiy_svyatoy_pravedniy_ioann/misli_hristianina_o_pokayanii_i_svyatom_prichashchenii.zip
1,lebedev_protoierey_lev_zametki_po_pastirskomu_bogosloviyu,sermons,Заметки по пастырскому богословию,Лебедев Протоиерей Лев,Православная литература (RoyalLib),https://royallib.com/get/txt/lebedev_protoierey_lev/zametki_po_pastirskomu_bogosloviyu.zip
1,lebedev_protoierey_lev_pochemu_ya_pereshel_v_zarubegnuyu_chast_russkoy_pravoslavnoy_tserkvi,sermons,ПОЧЕМУ Я ПЕРЕШЕЛ В ЗАРУБЕЖНУЮ ЧАСТЬ РУССКОЙ ПРАВОСЛАВНОЙ ЦЕРКВИ?,Лебедев Протоиерей Лев,Православная литература (RoyalLib),https://royallib.com/get/txt/lebedev_protoierey_lev/pochemu_ya_pereshel_v_zarubegnuyu_chast_russkoy_pravoslavnoy_tserkvi.zip
1,lebedev_protoierey_lev_simvolika_pravoslavnogo_hrama,sermons,Символика Православного Храма,Лебедев Протоиерей Лев,Православная литература (RoyalLib),https://royallib.com/get/txt/lebedev_protoierey_lev/simvolika_pravoslavnogo_hrama.zip
1,lestvichnik_ioann_dobrotolyubie_tom_2,sermons,"Добротолюбие, том 2",Лествичник Иоанн,Православная литература (RoyalLib),https://royallib.com/get/txt/lestvichnik_ioann/dobrotolyubie_tom_2.zip
1,lestvichnik_ioann_lestvitsa_ili_skrigali_duhovnie,sermons,"Лествица, или Скрижали Духовные",Лествичник Иоанн,Православная литература (RoyalLib),https://royallib.com/get/txt/lestvichnik_ioann/lestvitsa_ili_skrigali_duhovnie.zip
1,lozinskiy_igumen_mark_otechnik_propovednika,sermons,Отечник проповедника,Лозинский игумен Марк,Православная литература (RoyalLib),https://royallib.com/get/txt/lozinskiy_igumen_mark/otechnik_propovednika.zip
1,lorgus_protoierey_andrey_vlyublennost_lyubov_zavisimost_kak_postroit_semeynoe_schaste,sermons,"Влюбленность, любовь, зависимость. Как построить семейное счастье",Лоргус протоиерей Андрей,Православная литература (RoyalLib),https://royallib.com/get/txt/lorgus_protoierey_andrey/vlyublennost_lyubov_zavisimost_kak_postroit_semeynoe_schaste.zip
1,makariy_mitropolit_istoriya_russkoy_tserkvi_v_period_postepennogo_perehoda_ee_k_samostoyatelnosti_1240_1589_otdel_vtoroy_1448_1589,sermons,История Русской Церкви в период постепенного перехода ее к самостоятельности (1240-1589). Отдел второй: 1448-1589,Макарий Митрополит,Православная литература (RoyalLib),https://royallib.com/get/txt/makariy_mitropolit/istoriya_russkoy_tserkvi_v_period_postepennogo_perehoda_ee_k_samostoyatelnosti_1240_1589_otdel_vtoroy_1448_1589.zip
1,makariy_mitropolit_istoriya_russkoy_tserkvi_v_period_postepennogo_perehoda_ee_k_samostoyatelnosti_1240_1589_otdel_perviy_1240_1448,sermons,История Русской Церкви в период постепенного перехода ее к самостоятельности (1240-1589). Отдел первый: 1240-1448,Макарий Митрополит,Православная литература (RoyalLib),https://royallib.com/get/txt/makariy_mitropolit/istoriya_russkoy_tserkvi_v_period_postepennogo_perehoda_ee_k_samostoyatelnosti_1240_1589_otdel_perviy_1240_1448.zip
1,makariy_mitropolit_istoriya_russkoy_tserkvi_v_period_sovershennoy_zavisimosti_ee_ot_konstantinopolskogo_patriarha_988_1240,sermons,История Русской Церкви в период совершенной зависимости ее от константинопольского патриарха (988-1240),Макарий Митрополит,Православная литература (RoyalLib),https://royallib.com/get/txt/makariy_mitropolit/istoriya_russkoy_tserkvi_v_period_sovershennoy_zavisimosti_ee_ot_konstantinopolskogo_patriarha_988_1240.zip
1,makariy_mitropolit_istoriya_russkoy_tserkvi_tom_1_istoriya_hristianstva_v_rossii_do_ravnoapostolnogo_knyazya_vladimira,sermons,История Русской Церкви. Том 1. История христианства в России до равноапостольного князя Владимира,Макарий Митрополит,Православная литература (RoyalLib),https://royallib.com/get/txt/makariy_mitropolit/istoriya_russkoy_tserkvi_tom_1_istoriya_hristianstva_v_rossii_do_ravnoapostolnogo_knyazya_vladimira.zip
1,makariy_mitropolit_istoriya_russkoy_tserkvi_tom_2_istoriya_russkoy_tserkvi_v_period_sovershennoy_zavisimosti_ee_ot_konstantinopolskogo_patriarha_988_1240,sermons,История Русской Церкви. Том 2. История Русской Церкви в период совершенной зависимости ее от константинопольского патриарха (988-1240),Макарий Митрополит,Православная литература (RoyalLib),https://royallib.com/get/txt/makariy_mitropolit/istoriya_russkoy_tserkvi_tom_2_istoriya_russkoy_tserkvi_v_period_sovershennoy_zavisimosti_ee_ot_konstantinopolskogo_patriarha_988_1240.zip
1,makariy_mitropolit_istoriya_russkoy_tserkvi_tom_5_period_razdeleniya_russkoy_tserkvi_na_dve_mitropolii,sermons,История Русской Церкви. Том 5. Период разделения Русской Церкви на две митрополии,Макарий Митрополит,Православная литература (RoyalLib),https://royallib.com/get/txt/makariy_mitropolit/istoriya_russkoy_tserkvi_tom_5_period_razdeleniya_russkoy_tserkvi_na_dve_mitropolii.zip
1,makariy_mitropolit_istoriya_russkoy_tserkvi_vvedenie,sermons,История русской церкви (Введение),Макарий Митрополит,Православная литература (RoyalLib),https://royallib.com/get/txt/makariy_mitropolit/istoriya_russkoy_tserkvi_vvedenie.zip
1,makariy_mitropolit_istoriya_russkoy_tserkvi_tom_1,sermons,История русской церкви (Том 1),Макарий Митрополит,Православная литература (RoyalLib),https://royallib.com/get/txt/makariy_mitropolit/istoriya_russkoy_tserkvi_tom_1.zip
1,makariy_mitropolit_istoriya_russkoy_tserkvi_tom_10,sermons,История русской церкви (Том 10),Макарий Митрополит,Православная литература (RoyalLib),https://royallib.com/get/txt/makariy_mitropolit/istoriya_russkoy_tserkvi_tom_10.zip
1,makariy_mitropolit_istoriya_russkoy_tserkvi_tom_2,sermons,История русской церкви (Том 2),Макарий Митрополит,Православная литература (RoyalLib),https://royallib.com/get/txt/makariy_mitropolit/istoriya_russkoy_tserkvi_tom_2.zip
1,makariy_mitropolit_istoriya_russkoy_tserkvi_tom_3,sermons,История русской церкви (Том 3),Макарий Митрополит,Православная литература (RoyalLib),https://royallib.com/get/txt/makariy_mitropolit/istoriya_russkoy_tserkvi_tom_3.zip
1,makariy_mitropolit_istoriya_russkoy_tserkvi_tom_4,sermons,История русской церкви (Том 4),Макарий Митрополит,Православная литература (RoyalLib),https://royallib.com/get/txt/makariy_mitropolit/istoriya_russkoy_tserkvi_tom_4.zip
1,makariy_mitropolit_istoriya_russkoy_tserkvi_tom_5,sermons,История русской церкви (Том 5),Макарий Митрополит,Православная литература (RoyalLib),https://royallib.com/get/txt/makariy_mitropolit/istoriya_russkoy_tserkvi_tom_5.zip
1,makariy_mitropolit_istoriya_russkoy_tserkvi_tom_6,sermons,История русской церкви (Том 6),Макарий Митрополит,Православная литература (RoyalLib),https://royallib.com/get/txt/makariy_mitropolit/istoriya_russkoy_tserkvi_tom_6.zip
1,makariy_mitropolit_istoriya_russkoy_tserkvi_tom_7,sermons,История русской церкви (Том 7),Макарий Митрополит,Православная литература (RoyalLib),https://royallib.com/get/txt/makariy_mitropolit/istoriya_russkoy_tserkvi_tom_7.zip
1,makariy_mitropolit_istoriya_russkoy_tserkvi_tom_8,sermons,История русской церкви (Том 8),Макарий Митрополит,Православная литература (RoyalLib),https://royallib.com/get/txt/makariy_mitropolit/istoriya_russkoy_tserkvi_tom_8.zip
1,makariy_mitropolit_istoriya_russkoy_tserkvi_tom_9,sermons,История русской церкви (Том 9),Макарий Митрополит,Православная литература (RoyalLib),https://royallib.com/get/txt/makariy_mitropolit/istoriya_russkoy_tserkvi_tom_9.zip
1,makariy_mitropolit_istoriya_hristianstva_v_rossii_do_ravnoapostolnogo_knyazya_vladimira,sermons,История христианства в России до равноапостольного князя Владимира,Макарий Митрополит,Православная литература (RoyalLib),https://royallib.com/get/txt/makariy_mitropolit/istoriya_hristianstva_v_rossii_do_ravnoapostolnogo_knyazya_vladimira.zip
1,makariy_mitropolit_period_razdeleniya_russkoy_tserkvi_na_dve_mitropolii,sermons,Период разделения Русской Церкви на две митрополии,Макарий Митрополит,Православная литература (RoyalLib),https://royallib.com/get/txt/makariy_mitropolit/period_razdeleniya_russkoy_tserkvi_na_dve_mitropolii.zip
1,makariy_mitropolit_period_samostoyatelnosti_russkoy_tserkvi_1589_1881_patriarshestvo_v_rossii_1589_1720_otdel_vtoroy_1654_1667,sermons,Период самостоятельности Русской Церкви (1589-1881). Патриаршество в России (1589-1720). Отдел второй: 1654-1667,Макарий Митрополит,Православная литература (RoyalLib),https://royallib.com/get/txt/makariy_mitropolit/period_samostoyatelnosti_russkoy_tserkvi_1589_1881_patriarshestvo_v_rossii_1589_1720_otdel_vtoroy_1654_1667.zip
1,makariy_mitropolit_period_samostoyatelnosti_russkoy_tserkvi_1589_1881_patriarshestvo_v_rossii_1589_1720_otdel_perviy_1589_1654,sermons,Период самостоятельности Русской Церкви (1589-1881). Патриаршество в России (1589-1720). Отдел первый: 1589-1654,Макарий Митрополит,Православная литература (RoyalLib),https://royallib.com/get/txt/makariy_mitropolit/period_samostoyatelnosti_russkoy_tserkvi_1589_1881_patriarshestvo_v_rossii_1589_1720_otdel_perviy_1589_1654.zip
1,makovetskiy_protoierey_arkadiy_belaya_tserkov_vdali_ot_ateisticheskogo_terrora,sermons,Белая Церковь: Вдали от атеистического террора,Маковецкий Протоиерей Аркадий,Православная литература (RoyalLib),https://royallib.com/get/txt/makovetskiy_protoierey_arkadiy/belaya_tserkov_vdali_ot_ateisticheskogo_terrora.zip
1,matveevskiy_protoierey_pavel_dvunadesyatie_prazdniki_i_svyataya_pasha,sermons,Двунадесятые праздники и Святая Пасха,Матвеевский Протоиерей Павел,Православная литература (RoyalLib),https://royallib.com/get/txt/matveevskiy_protoierey_pavel/dvunadesyatie_prazdniki_i_svyataya_pasha.zip
1,matveevskiy_protoierey_pavel_evangelskaya_istoriya_kniga_vtoraya_sobitiya_evangelskoy_istorii_proishodivshie_preimushchestvenno_v_galilee,sermons,"Евангельская история. Книга вторая. События Евангельской истории, происходившие преимущественно в Галилее",Матвеевский Протоиерей Павел,Православная литература (RoyalLib),https://royallib.com/get/txt/matveevskiy_protoierey_pavel/evangelskaya_istoriya_kniga_vtoraya_sobitiya_evangelskoy_istorii_proishodivshie_preimushchestvenno_v_galilee.zip
1,matveevskiy_protoierey_pavel_evangelskaya_istoriya_kniga_pervaya_sobitiya_evangelskoy_istorii_nachalnie_preimushchestvenno_v_ierusalime_i_iudee,sermons,"Евангельская история. Книга первая. События Евангельской истории начальные, преимущественно в Иерусалиме и Иудее",Матвеевский Протоиерей Павел,Православная литература (RoyalLib),https://royallib.com/get/txt/matveevskiy_protoierey_pavel/evangelskaya_istoriya_kniga_pervaya_sobitiya_evangelskoy_istorii_nachalnie_preimushchestvenno_v_ierusalime_i_iudee.zip
1,matveevskiy_protoierey_pavel_evangelskaya_istoriya_kniga_tretya_konechnie_sobitiya_evangelskoy_istorii,sermons,Евангельская история. Книга третья. Конечные события Евангельской истории,Матвеевский Протоиерей Павел,Православная литература (RoyalLib),https://royallib.com/get/txt/matveevskiy_protoierey_pavel/evangelskaya_istoriya_kniga_tretya_konechnie_sobitiya_evangelskoy_istorii.zip
1,men_protoierey_aleksandr_iz_sovremennih_problem_tserkvi,sermons,Из современных проблем Церкви,Мень протоиерей Александр,Православная литература (RoyalLib),https://royallib.com/get/txt/men_protoierey_aleksandr/iz_sovremennih_problem_tserkvi.zip
1,men_protoierey_aleksandr_magiya_okkultizm_hristianstvo_iz_knig_lektsii_i_besed,sermons,"Магия, оккультизм, христианство: из книг, лекции и бесед",Мень протоиерей Александр,Православная литература (RoyalLib),https://royallib.com/get/txt/men_protoierey_aleksandr/magiya_okkultizm_hristianstvo_iz_knig_lektsii_i_besed.zip
1,men_protoierey_aleksandr_navstrechu_hristu_sbornik_statey,sermons,Навстречу Христу. Сборник статей,Мень протоиерей Александр,Православная литература (RoyalLib),https://royallib.com/get/txt/men_protoierey_aleksandr/navstrechu_hristu_sbornik_statey.zip
1,men_protoierey_aleksandr_o_provedenii_velikogo_posta,sermons,О проведении Великого поста,Мень протоиерей Александр,Православная литература (RoyalLib),https://royallib.com/get/txt/men_protoierey_aleksandr/o_provedenii_velikogo_posta.zip
1,men_protoierey_aleksandr_tainstvo_slovo_i_obraz,sermons,"Таинство, слово и образ",Мень протоиерей Александр,Православная литература (RoyalLib),https://royallib.com/get/txt/men_protoierey_aleksandr/tainstvo_slovo_i_obraz.zip
1,mitropolit_belgorodskiy_i_starooskolskiy_ioann_popov_nebo_nashey_gizni_bog_chelovek_tserkov,sermons,"Небо нашей жизни. Бог, человек, церковь",Митрополит Белгородский и Старооскольский Иоанн (Попов),Православная литература (RoyalLib),https://royallib.com/get/txt/mitropolit_belgorodskiy_i_starooskolskiy_ioann_popov/nebo_nashey_gizni_bog_chelovek_tserkov.zip
1,mitropolit_veniamin_fedchenkov_bogi_lyudi_moi_duhovnie_vstrechi,sermons,Божьи люди. Мои духовные встречи.,Митрополит Вениамин (Федченков),Православная литература (RoyalLib),https://royallib.com/get/txt/mitropolit_veniamin_fedchenkov/bogi_lyudi_moi_duhovnie_vstrechi.zip
1,mitropolit_ioann_snichev_kak_podgotovitsya_i_provesti_velikiy_post__kak_git_v_sovremennom_bezduhovnom_mire,sermons,Как подготовиться и провести Великий Пост — Как жить в современном бездуховном мире,Митрополит Иоанн (Снычев),Православная литература (RoyalLib),https://royallib.com/get/txt/mitropolit_ioann_snichev/kak_podgotovitsya_i_provesti_velikiy_post__kak_git_v_sovremennom_bezduhovnom_mire.zip
1,mitropolit_moskovskiy_filaret_pravoslavniy_katehizis,sermons,Православный Катехизис,"Митрополит Московский Филарет,",Православная литература (RoyalLib),https://royallib.com/get/txt/mitropolit_moskovskiy_filaret/pravoslavniy_katehizis.zip
1,mitropolit_nikopolskiy_meletiy_pechat_antihrista_v_pravoslavnom_predanii,sermons,Печать антихриста в Православном Предании,Митрополит Никопольский Мелетий,Православная литература (RoyalLib),https://royallib.com/get/txt/mitropolit_nikopolskiy_meletiy/pechat_antihrista_v_pravoslavnom_predanii.zip
1,mokievskiy_protoierey_aleksey_nezavershennaya_liturgiya,sermons,Незавершенная Литургия,Мокиевский протоиерей Алексей,Православная литература (RoyalLib),https://royallib.com/get/txt/mokievskiy_protoierey_aleksey/nezavershennaya_liturgiya.zip
1,morozov_igumen_nektariy_odinochestvo_puti_preodoleniya_v_tserkvi_seme_i_obshchestve,sermons,"Одиночество. Пути преодоления: в Церкви, семье и обществе",Морозов игумен Нектарий,Православная литература (RoyalLib),https://royallib.com/get/txt/morozov_igumen_nektariy/odinochestvo_puti_preodoleniya_v_tserkvi_seme_i_obshchestve.zip
1,morozov_igumen_nektariy_pouchenie_o_chtenii_duhovnih_knig,sermons,Поучение о чтении духовных книг,Морозов игумен Нектарий,Православная литература (RoyalLib),https://royallib.com/get/txt/morozov_igumen_nektariy/pouchenie_o_chtenii_duhovnih_knig.zip
1,morozov_igumen_nektariy_tainstvo_ispovedi_kak_nauchitsya_kayatsya_i_perestat_pryatatsya_ot_boga,sermons,Таинство Исповеди. Как научиться каяться и перестать прятаться от Бога,Морозов игумен Нектарий,Православная литература (RoyalLib),https://royallib.com/get/txt/morozov_igumen_nektariy/tainstvo_ispovedi_kak_nauchitsya_kayatsya_i_perestat_pryatatsya_ot_boga.zip
1,nikonvorobyov_igumen_nam_ostavleno_pokayanie_pisma_,sermons,Нам оставлено покаяние. Письма,Никон(Воробьёв) Игумен,Православная литература (RoyalLib),https://royallib.com/get/txt/nikonvorobyov_igumen/nam_ostavleno_pokayanie_pisma_.zip
1,nikonvorobyov_igumen_propovedi,sermons,Проповеди,Никон(Воробьёв) Игумен,Православная литература (RoyalLib),https://royallib.com/get/txt/nikonvorobyov_igumen/propovedi.zip
1,optinskiy_varsonofiy_besedi_startsa_s_duhovnimi_chadami_1907_1913_gg,sermons,Беседы старца с духовными чадами (1907-1913 гг.),Оптинский Варсонофий,Православная литература (RoyalLib),https://royallib.com/get/txt/optinskiy_varsonofiy/besedi_startsa_s_duhovnimi_chadami_1907_1913_gg.zip
1,optinskiy_varsonofiy_duhovnoe_nasledie,sermons,Духовное наследие,Оптинский Варсонофий,Православная литература (RoyalLib),https://royallib.com/get/txt/optinskiy_varsonofiy/duhovnoe_nasledie.zip
1,optinskiy_makariy_dushepoleznie_poucheniya,sermons,Душеполезные поучения,Оптинский Макарий,Православная литература (RoyalLib),https://royallib.com/get/txt/optinskiy_makariy/dushepoleznie_poucheniya.zip
1,optinskiy_prepodobniy_poucheniya_prepodobnogo_amvrosiya_optinskogo_suprugam_i_roditelyam,sermons,Поучения преподобного Амвросия Оптинского супругам и родителям,Оптинский Преподобный,Православная литература (RoyalLib),https://royallib.com/get/txt/optinskiy_prepodobniy/poucheniya_prepodobnogo_amvrosiya_optinskogo_suprugam_i_roditelyam.zip
1,optinskiy_prepodobniy_makariy_predosteregenie_chitayushchim_duhovnie_otecheskie_knigi_i_gelayushchim_prohodit_umnuyu_iisusovu_molitvu,sermons,Предостережение читающим духовные отеческие книги и желающим проходить умную Иисусову молитву,Оптинский Преподобный Макарий,Православная литература (RoyalLib),https://royallib.com/get/txt/optinskiy_prepodobniy_makariy/predosteregenie_chitayushchim_duhovnie_otecheskie_knigi_i_gelayushchim_prohodit_umnuyu_iisusovu_molitvu.zip
1,orehanov_protoierey_georgiy_russkaya_pravoslavnaya_tserkov_i_l_n_tolstoy_konflikt_glazami_sovremennikov,sermons,Русская Православная Церковь и Л. Н. Толстой. Конфликт глазами современников,Ореханов Протоиерей Георгий,Православная литература (RoyalLib),https://royallib.com/get/txt/orehanov_protoierey_georgiy/russkaya_pravoslavnaya_tserkov_i_l_n_tolstoy_konflikt_glazami_sovremennikov.zip
1,palama_svt_grigoriy_dva_apodikticheskih_slova_ob_ishogdenii_svyatogo_duha__protiv_vekka,sermons,ДВА АПОДИКТИЧЕСКИХ СЛОВА ОБ ИСХОЖДЕНИИ СВЯТОГО ДУХА * ПРОТИВ ВЕККА,Палама Свт. Григорий,Православная литература (RoyalLib),https://royallib.com/get/txt/palama_svt_grigoriy/dva_apodikticheskih_slova_ob_ishogdenii_svyatogo_duha__protiv_vekka.zip
1,palama_svt_grigoriy_slovo_na_gitie_prp_petra_afonskogo,sermons,Слово на житие прп. Петра Афонского,Палама Свт. Григорий,Православная литература (RoyalLib),https://royallib.com/get/txt/palama_svt_grigoriy/slovo_na_gitie_prp_petra_afonskogo.zip
1,pervozvanskiy_protoierey_maksim_mugskoy_razgovor_mesto_mugchini_v_mire_hristianskiy_vzglyad,sermons,Мужской разговор. Место мужчины в мире. Христианский взгляд,Первозванский Протоиерей Максим,Православная литература (RoyalLib),https://royallib.com/get/txt/pervozvanskiy_protoierey_maksim/mugskoy_razgovor_mesto_mugchini_v_mire_hristianskiy_vzglyad.zip
1,pogodin_arhimandrit_amvrosiy_svyatoy_mark_efesskiy_i_florentiyskaya_uniya,sermons,Святой Марк Эфесский и Флорентийская Уния,Погодин Архимандрит Амвросий,Православная литература (RoyalLib),https://royallib.com/get/txt/pogodin_arhimandrit_amvrosiy/svyatoy_mark_efesskiy_i_florentiyskaya_uniya.zip
1,prep_maksim_ispovednik_tvoreniya_prepodobnogo_maksima_ispovednika_kniga_i_bogoslovskie_i_asketicheskie_traktati,sermons,Творения преподобного Максима Исповедника. Книга I. Богословские и аскетические трактаты,Преп. Максим Исповедник,Православная литература (RoyalLib),https://royallib.com/get/txt/prep_maksim_ispovednik/tvoreniya_prepodobnogo_maksima_ispovednika_kniga_i_bogoslovskie_i_asketicheskie_traktati.zip
1,prep_maksim_ispovednik_tvoreniya_prepodobnogo_maksima_ispovednika_kniga_ii_voprosootveti_k_falassiyu,sermons,Творения преподобного Максима Исповедника. Книга II. Вопросоответы к Фалассию,Преп. Максим Исповедник,Православная литература (RoyalLib),https://royallib.com/get/txt/prep_maksim_ispovednik/tvoreniya_prepodobnogo_maksima_ispovednika_kniga_ii_voprosootveti_k_falassiyu.zip
1,prepodobniy_nikodim_svyatogorets_nevidimaya_bran_prepodobniy_nikodim_svyatogorets,sermons,Невидимая брань (Преподобный Никодим Святогорец),Преподобный Никодим Святогорец,Православная литература (RoyalLib),https://royallib.com/get/txt/prepodobniy_nikodim_svyatogorets/nevidimaya_bran_prepodobniy_nikodim_svyatogorets.zip
1,rostovskiy_svt_dimitriy_izbrannie_gitiya_svyatih_iiiix_vv,sermons,Избранные жития святых III-IX вв.,Ростовский Свт. Димитрий,Православная литература (RoyalLib),https://royallib.com/get/txt/rostovskiy_svt_dimitriy/izbrannie_gitiya_svyatih_iiiix_vv.zip
1,savva_shiigumen_polnoe_sobranie_propovedey_i_poucheniy,sermons,Полное собрание проповедей и поучений,Савва Схиигумен,Православная литература (RoyalLib),https://royallib.com/get/txt/savva_shiigumen/polnoe_sobranie_propovedey_i_poucheniy.zip
1,saharov_arhimandrit_sofroniy_saharov_molitvennoe_prinoshenie_startsa_sofroniya,sermons,Молитвенное приношение старца Софрония,Сахаров Архимандрит Софроний (Сахаров),Православная литература (RoyalLib),https://royallib.com/get/txt/saharov_arhimandrit_sofroniy_saharov/molitvennoe_prinoshenie_startsa_sofroniya.zip
1,saharov_arhimandrit_sofroniy_saharov_pravoslavie___svidetelstvo_istini_iz_pisem_k_d_balfuru,sermons,Православие - свидетельство истины (из писем к Д. Бальфуру),Сахаров Архимандрит Софроний (Сахаров),Православная литература (RoyalLib),https://royallib.com/get/txt/saharov_arhimandrit_sofroniy_saharov/pravoslavie___svidetelstvo_istini_iz_pisem_k_d_balfuru.zip
1,svyateyshiy_patriarh_moskovskiy_i_vseya_rusi_kirill_slovo_predstoyatelya_20092011_sobranie_trudov_seriya_1_tom_1,sermons,Слово Предстоятеля (2009-2011). Собрание трудов. Серия 1. Том 1,Святейший Патриарх Московский и всея Руси Кирилл,Православная литература (RoyalLib),https://royallib.com/get/txt/svyateyshiy_patriarh_moskovskiy_i_vseya_rusi_kirill/slovo_predstoyatelya_20092011_sobranie_trudov_seriya_1_tom_1.zip
1,svyatogorets_kniga_dushepolezneyshaya_o_neprestannom_prichashchenii_svyatih_hristovih_tain,sermons,Книга душеполезнейшая о непрестанном причащении Святых Христовых Таин,Святогорец,Православная литература (RoyalLib),https://royallib.com/get/txt/svyatogorets/kniga_dushepolezneyshaya_o_neprestannom_prichashchenii_svyatih_hristovih_tain.zip
1,svyatogorets_nikodim_poucheniya,sermons,Поучения,Святогорец Никодим,Православная литература (RoyalLib),https://royallib.com/get/txt/svyatogorets_nikodim/poucheniya.zip
1,svyatogorets_nikodim_slovo_o_pokayanii,sermons,Слово о покаянии,Святогорец Никодим,Православная литература (RoyalLib),https://royallib.com/get/txt/svyatogorets_nikodim/slovo_o_pokayanii.zip
1,svyatogorets_paisiy_alfavit_duhovniy_startsa_paisiya_svyatogortsa,sermons,Алфавит духовный старца Паисия Святогорца,Святогорец Паисий,Православная литература (RoyalLib),https://royallib.com/get/txt/svyatogorets_paisiy/alfavit_duhovniy_startsa_paisiya_svyatogortsa.zip
1,svyatogorets_paisiy_o_molitve,sermons,О молитве,Святогорец Паисий,Православная литература (RoyalLib),https://royallib.com/get/txt/svyatogorets_paisiy/o_molitve.zip
1,svyatogorets_paisiy_o_seme_hristianskoy,sermons,О семье христианской,Святогорец Паисий,Православная литература (RoyalLib),https://royallib.com/get/txt/svyatogorets_paisiy/o_seme_hristianskoy.zip
1,svyatogorets_paisiy_paisiy_svyatogorets_o_smerti_i_budushchey_gizni,sermons,Паисий Святогорец О смерти и будущей жизни,Святогорец Паисий,Православная литература (RoyalLib),https://royallib.com/get/txt/svyatogorets_paisiy/paisiy_svyatogorets_o_smerti_i_budushchey_gizni.zip
1,svyatogorets_paisiy_svyatoy_arseniy_kappadokiyskiy,sermons,Святой Арсений Каппадокийский,Святогорец Паисий,Православная литература (RoyalLib),https://royallib.com/get/txt/svyatogorets_paisiy/svyatoy_arseniy_kappadokiyskiy.zip
1,svyatogorets_paisiy_slova_II_duhovnoe_probugdenie,sermons,Слова II. Духовное пробуждение,Святогорец Паисий,Православная литература (RoyalLib),https://royallib.com/get/txt/svyatogorets_paisiy/slova_II_duhovnoe_probugdenie.zip
1,svyatogorets_paisiy_slova_III_duhovnaya_borba,sermons,Слова III. Духовная борьба,Святогорец Паисий,Православная литература (RoyalLib),https://royallib.com/get/txt/svyatogorets_paisiy/slova_III_duhovnaya_borba.zip
1,svyatogorets_paisiy_tom_2_slova_duhovnoe_probugdenie,sermons,Том 2 Слова. Духовное пробуждение,Святогорец Паисий,Православная литература (RoyalLib),https://royallib.com/get/txt/svyatogorets_paisiy/tom_2_slova_duhovnoe_probugdenie.zip
1,svyatogorets_paisiy_tom_3_duhovnaya_borba,sermons,Том 3 Духовная борьба,Святогорец Паисий,Православная литература (RoyalLib),https://royallib.com/get/txt/svyatogorets_paisiy/tom_3_duhovnaya_borba.zip
1,svyatogorets_prepodobniy_paisiy_za_vsyo_blagodarite_soveti_i_misli_svyatih_ottsov_i_sovremennih_grecheskih_propovednikov,sermons,За всё благодарите. Советы и мысли святых отцов и современных греческих проповедников,Святогорец Преподобный Паисий,Православная литература (RoyalLib),https://royallib.com/get/txt/svyatogorets_prepodobniy_paisiy/za_vsyo_blagodarite_soveti_i_misli_svyatih_ottsov_i_sovremennih_grecheskih_propovednikov.zip
1,svyatogorets_starets_duhovnaya_borba,sermons,Духовная борьба,Святогорец Старец,Православная литература (RoyalLib),https://royallib.com/get/txt/svyatogorets_starets/duhovnaya_borba.zip
1,serbskiy_velimirovich_svyatitel_nikolay_vera_svyatih_perviy_bogiy_zakon_desyat_zapovedey_dannih_moiseyu,sermons,"Вера Святых. Первый Божий Закон. Десять Заповедей, данных Моисею",Сербский (Велимирович) Святитель Николай,Православная литература (RoyalLib),https://royallib.com/get/txt/serbskiy_velimirovich_svyatitel_nikolay/vera_svyatih_perviy_bogiy_zakon_desyat_zapovedey_dannih_moiseyu.zip
1,sergiy_stragorodskiy_arhimandrit_pravoslavnoe_uchenie_o_spasenii,sermons,Православное учение о спасении.,Сергий (Страгородский) Архимандрит,Православная литература (RoyalLib),https://royallib.com/get/txt/sergiy_stragorodskiy_arhimandrit/pravoslavnoe_uchenie_o_spasenii.zip
1,sirin_prepodobniy_azbuka_duhovnaya,sermons,Азбука духовная,Сирин Преподобный,Православная литература (RoyalLib),https://royallib.com/get/txt/sirin_prepodobniy/azbuka_duhovnaya.zip
1,smirnov_protoierey_dimitriy_propovedi_1,sermons,Проповеди 1,Смирнов протоиерей Димитрий,Православная литература (RoyalLib),https://royallib.com/get/txt/smirnov_protoierey_dimitriy/propovedi_1.zip
1,smirnov_protoierey_dimitriy_propovedi_2,sermons,Проповеди 2,Смирнов протоиерей Димитрий,Православная литература (RoyalLib),https://royallib.com/get/txt/smirnov_protoierey_dimitriy/propovedi_2.zip
1,smirnov_protoierey_dimitriy_propovedi_3,sermons,Проповеди 3,Смирнов протоиерей Димитрий,Православная литература (RoyalLib),https://royallib.com/get/txt/smirnov_protoierey_dimitriy/propovedi_3.zip
1,starets_paisiy_svyatogorets_slova_tom_ii_duhovnoe_probugdenie,sermons,Слова. Том II. Духовное пробуждение,Старец Паисий Святогорец,Православная литература (RoyalLib),https://royallib.com/get/txt/starets_paisiy_svyatogorets/slova_tom_ii_duhovnoe_probugdenie.zip
1,starets_paisiy_svyatogorets_slova_tom_iii_duhovnaya_borba,sermons,Слова. Том III. Духовная борьба,Старец Паисий Святогорец,Православная литература (RoyalLib),https://royallib.com/get/txt/starets_paisiy_svyatogorets/slova_tom_iii_duhovnaya_borba.zip
1,starets_paisiy_svyatogorets_slova_tom_vi_o_molitve,sermons,Слова. Том VI. О молитве,Старец Паисий Святогорец,Православная литература (RoyalLib),https://royallib.com/get/txt/starets_paisiy_svyatogorets/slova_tom_vi_o_molitve.zip
1,surogskiy__mitropolit_voskresnie_propovedi,sermons,Воскресные проповеди,Сурожский Митрополит,Православная литература (RoyalLib),https://royallib.com/get/txt/surogskiy__mitropolit/voskresnie_propovedi.zip
1,surogskiy_mitropolit_voskresnie_propovedi,sermons,Воскресные проповеди,Сурожский Митрополит,Православная литература (RoyalLib),https://royallib.com/get/txt/surogskiy_mitropolit/voskresnie_propovedi.zip
1,surogskiy_mitropolit_tserkov,sermons,Церковь,Сурожский Митрополит,Православная литература (RoyalLib),https://royallib.com/get/txt/surogskiy_mitropolit/tserkov.zip
1,taushev_arhimandrit_averkiy_kreshchenie_rusi_i_zaveti_svyatogo_knyazya_vladimira_russkomu_narodu,sermons,Крещение Руси и заветы святого князя Владимира русскому народу,Таушев Архимандрит Аверкий,Православная литература (RoyalLib),https://royallib.com/get/txt/taushev_arhimandrit_averkiy/kreshchenie_rusi_i_zaveti_svyatogo_knyazya_vladimira_russkomu_narodu.zip
1,tihon_shevkunov_arhimandrit_nesvyatie_svyatie_i_drugie_rasskazi,sermons,«Несвятые святые» и другие рассказы,Тихон (Шевкунов) Архимандрит,Православная литература (RoyalLib),https://royallib.com/get/txt/tihon_shevkunov_arhimandrit/nesvyatie_svyatie_i_drugie_rasskazi.zip
1,tihon_zadonskiy_ob_istinnom_hristianstve,sermons,Об истинном христианстве,Тихон Задонский,Православная литература (RoyalLib),https://royallib.com/get/txt/tihon_zadonskiy/ob_istinnom_hristianstve.zip
1,tihon_zadonskiy_sokrovishche_duhovnoe_ot_mira_sobiraemoe,sermons,"Сокровище духовное, от мира собираемое",Тихон Задонский,Православная литература (RoyalLib),https://royallib.com/get/txt/tihon_zadonskiy/sokrovishche_duhovnoe_ot_mira_sobiraemoe.zip
1,tihon_zadonskiy_tainstvo_radosti,sermons,Таинство радости,Тихон Задонский,Православная литература (RoyalLib),https://royallib.com/get/txt/tihon_zadonskiy/tainstvo_radosti.zip
1,tolmachev_protoierey_ioann_1nedelya_triodi_velikopostnoy,sermons,1.Неделя Триоди Великопостной.,Толмачев протоиерей Иоанн,Православная литература (RoyalLib),https://royallib.com/get/txt/tolmachev_protoierey_ioann/1nedelya_triodi_velikopostnoy.zip
1,torik_protoierey_aleksandr_votserkovlenie_dlya_nachinayushchih_tserkovnuyu_gizn,sermons,ВОЦЕРКОВЛЕНИЕ для начинающих церковную жизнь,Торик Протоиерей Александр,Православная литература (RoyalLib),https://royallib.com/get/txt/torik_protoierey_aleksandr/votserkovlenie_dlya_nachinayushchih_tserkovnuyu_gizn.zip
1,fedchenkov_mitropolit_molitva_gospodnya,sermons,Молитва господня,Федченков Митрополит,Православная литература (RoyalLib),https://royallib.com/get/txt/fedchenkov_mitropolit/molitva_gospodnya.zip
1,feofan_arhimandrit_neblagennie_blagennie_svyatie_rasskazi_o_neobiknovennih_podvignikah,sermons,Неблаженные блаженные святые. Рассказы о необыкновенных подвижниках,Феофан Архимандрит,Православная литература (RoyalLib),https://royallib.com/get/txt/feofan_arhimandrit/neblagennie_blagennie_svyatie_rasskazi_o_neobiknovennih_podvignikah.zip
1,feofan_arhimandrit_nesvyatie_svyatie_genshchini,sermons,Несвятые святые женщины,Феофан Архимандрит,Православная литература (RoyalLib),https://royallib.com/get/txt/feofan_arhimandrit/nesvyatie_svyatie_genshchini.zip
1,feofan_zatvornik_vnutrennyaya_gizn_izbrannie_poucheniya,sermons,Внутренняя жизнь избранные поучения,Феофан Затворник,Православная литература (RoyalLib),https://royallib.com/get/txt/feofan_zatvornik/vnutrennyaya_gizn_izbrannie_poucheniya.zip
1,feofan_zatvornik_nastavleniya_v_duhovnoy_gizni,sermons,НАСТАВЛЕНИЯ В ДУХОВНОЙ ЖИЗНИ,Феофан Затворник,Православная литература (RoyalLib),https://royallib.com/get/txt/feofan_zatvornik/nastavleniya_v_duhovnoy_gizni.zip
1,feofan_zatvornik_o_molitve,sermons,О МОЛИТВЕ,Феофан Затворник,Православная литература (RoyalLib),https://royallib.com/get/txt/feofan_zatvornik/o_molitve.zip
1,feofan_zatvornik_put_ko_spaseniyu_kratkiy_ocherk_asketiki,sermons,Путь ко спасению. Краткий очерк аскетики,Феофан Затворник,Православная литература (RoyalLib),https://royallib.com/get/txt/feofan_zatvornik/put_ko_spaseniyu_kratkiy_ocherk_asketiki.zip
1,feofan_zatvornik_sbornik_svyatie_ottsi_o_molitve_i_trezvenii,sermons,"Сборник ""Святые Отцы о молитве и трезвении""",Феофан Затворник,Православная литература (RoyalLib),https://royallib.com/get/txt/feofan_zatvornik/sbornik_svyatie_ottsi_o_molitve_i_trezvenii.zip
1,feofan_zatvornik_chetire_slova_o_molitve,sermons,ЧЕТЫРЕ СЛОВА О МОЛИТВЕ,Феофан Затворник,Православная литература (RoyalLib),https://royallib.com/get/txt/feofan_zatvornik/chetire_slova_o_molitve.zip
1,feofan_zatvornik_chto_est_duhovnaya_gizn_i_kak_na_nee_nastroitsya,sermons,Что есть духовная жизнь и как на нее настроиться,Феофан Затворник,Православная литература (RoyalLib),https://royallib.com/get/txt/feofan_zatvornik/chto_est_duhovnaya_gizn_i_kak_na_nee_nastroitsya.zip
1,tsipin_professor_protoierey_vladislav_istoriya_russkoy_tserkvi_sinodalniy_period,sermons,ИСТОРИЯ РУССКОЙ ЦЕРКВИ (Синодальный период),ЦЫПИН Профессор протоиерей Владислав,Православная литература (RoyalLib),https://royallib.com/get/txt/tsipin_professor_protoierey_vladislav/istoriya_russkoy_tserkvi_sinodalniy_period.zip
1,shantaev_protoierey_asina_pamyat_rasskazi_iz_rossiyskoy_glubinki_duhovnaya_proza__2015,sermons,Асина память. Рассказы из российской глубинки (Духовная проза) - 2015,Шантаев Протоиерей,Православная литература (RoyalLib),https://royallib.com/get/txt/shantaev_protoierey/asina_pamyat_rasskazi_iz_rossiyskoy_glubinki_duhovnaya_proza__2015.zip
1,shmeman_protoierey_aleksandr_velikiy_post,sermons,ВЕЛИКИЙ ПОСТ,Шмеман Протоиерей Александр,Православная литература (RoyalLib),https://royallib.com/get/txt/shmeman_protoierey_aleksandr/velikiy_post.zip
1,shmeman_protoierey_aleksandr_evharistiya_tainstvo_tsarstva,sermons,ЕВХАРИСТИЯ. ТАИНСТВО ЦАРСТВА,Шмеман Протоиерей Александр,Православная литература (RoyalLib),https://royallib.com/get/txt/shmeman_protoierey_aleksandr/evharistiya_tainstvo_tsarstva.zip
1,yarushevich_mitropolit_nikolay_pokayaniya_dveri_otverzi_mne,sermons,«Покаяния двери отверзи мне...»,Ярушевич Митрополит Николай,Православная литература (RoyalLib),https://royallib.com/get/txt/yarushevich_mitropolit_nikolay/pokayaniya_dveri_otverzi_mne.zip
